epoch,time,train/box_loss,train/cls_loss,train/dfl_loss,metrics/precision(B),metrics/recall(B),metrics/mAP50(B),metrics/mAP50-95(B),val/box_loss,val/cls_loss,val/dfl_loss,lr/pg0,lr/pg1,lr/pg2
1,106.113,1.91988,3.69466,1.90441,0.00192,0.28344,0.00317,0.00059,3.44226,331.346,22.0798,0.00323232,0.00323232,0.0709091
2,261.141,2.30575,3.62575,2.20416,0,0,0,0,3.76547,41705.3,70.0713,0.00656405,0.00656405,0.0409075
3,370.14,2.30585,3.61568,2.18602,2e-05,0.03125,0,0,3.98712,43796.5,24.3756,0.00988932,0.00988932,0.0108994
4,485.677,2.28494,3.47188,2.134,0.39648,0.04477,0.00878,0.00228,3.08278,667.494,5.52616,0.00997803,0.00997803,0.00997803
5,599.514,2.16637,3.42538,2.09421,0.15461,0.24346,0.04371,0.01202,2.78857,102.154,3.4926,0.00996097,0.00996097,0.00996097
6,694.117,2.14822,3.32329,2.07993,0.26816,0.13981,0.02919,0.01091,2.38554,41.7619,2.74623,0.00993906,0.00993906,0.00993906
7,839.429,2.13589,3.14075,2.04388,0.13257,0.2539,0.01067,0.00227,2.79036,54.2147,3.26898,0.00991232,0.00991232,0.00991232
8,967.946,2.1085,3.13689,2.02233,0.59092,0.11913,0.09475,0.03937,2.37914,4.64169,2.54424,0.00988079,0.00988079,0.00988079
9,1059.88,2.0824,3.10064,2.03604,0.28535,0.23975,0.15721,0.06516,2.25656,6.10608,2.29299,0.00984449,0.00984449,0.00984449
10,1183.13,2.01687,2.94126,1.97561,0.68338,0.15327,0.09323,0.02589,2.47137,12.5632,2.70998,0.00980345,0.00980345,0.00980345
11,1325.21,2.01772,2.98063,2.00957,0.37985,0.17337,0.13065,0.05508,2.16261,9.23898,2.22688,0.00975773,0.00975773,0.00975773
12,1449.95,2.00197,2.8541,1.94805,0.81277,0.15509,0.17465,0.07035,2.25474,4.75382,2.36634,0.00970736,0.00970736,0.00970736
13,1570.44,1.98675,2.92123,1.9388,0.50131,0.22495,0.19169,0.08319,1.992,3.88981,2.05745,0.00965239,0.00965239,0.00965239
14,1711.63,1.97918,2.90975,1.94323,0.64792,0.19027,0.15951,0.05573,2.32668,12.1796,2.43701,0.00959289,0.00959289,0.00959289
15,1813.43,2.01433,2.85923,1.97072,0.35983,0.29243,0.26234,0.10698,2.13379,3.58294,2.14449,0.00952889,0.00952889,0.00952889
16,1944.38,1.94815,2.7044,1.88918,0.47122,0.21239,0.24275,0.11339,2.00575,3.43162,2.0779,0.00946048,0.00946048,0.00946048
17,2042.38,1.91516,2.67057,1.87124,0.4217,0.29818,0.28396,0.12564,2.05089,4.35736,2.05027,0.00938772,0.00938772,0.00938772
18,2137.28,1.89323,2.75962,1.8431,0.62113,0.24384,0.28134,0.13969,1.95002,3.06852,1.99957,0.00931067,0.00931067,0.00931067
19,2233.7,1.95331,2.74326,1.86733,0.60591,0.28051,0.28107,0.15171,1.92128,2.99568,1.92905,0.00922942,0.00922942,0.00922942
20,2347.37,1.92972,2.66985,1.90221,0.6196,0.16784,0.17817,0.06762,2.16842,3.21953,2.17168,0.00914405,0.00914405,0.00914405
21,2462.69,1.90241,2.72414,1.8765,0.33693,0.17927,0.17699,0.0707,2.15116,3.28678,2.17963,0.00905463,0.00905463,0.00905463
22,2618.64,1.8747,2.7155,1.82765,0.56121,0.30253,0.31073,0.13057,2.15119,2.62306,2.0866,0.00896127,0.00896127,0.00896127
23,2714.99,1.8759,2.5077,1.82347,0.45115,0.39373,0.33327,0.16295,1.95431,2.65574,1.90786,0.00886404,0.00886404,0.00886404
24,2855.83,1.83361,2.46883,1.79992,0.67448,0.34361,0.40292,0.18234,1.92386,2.53107,1.90866,0.00876305,0.00876305,0.00876305
25,2956.81,1.85645,2.59272,1.8103,0.40346,0.40651,0.34813,0.17951,1.90246,2.5615,1.95605,0.00865839,0.00865839,0.00865839
26,3088.08,1.84915,2.48191,1.81237,0.74259,0.32009,0.43036,0.18168,1.95417,3.05521,1.98271,0.00855018,0.00855018,0.00855018
27,3184.01,1.8514,2.59013,1.8114,0.5171,0.40206,0.38485,0.1744,1.94357,3.14181,2.00071,0.00843851,0.00843851,0.00843851
28,3276.63,1.80771,2.46191,1.77012,0.4723,0.43434,0.36131,0.17185,1.87755,3.14363,1.96448,0.00832349,0.00832349,0.00832349
29,3370.47,1.80829,2.43543,1.78106,0.51134,0.3418,0.3221,0.12962,2.09874,2.76935,2.11796,0.00820525,0.00820525,0.00820525
30,3465.49,1.77423,2.41336,1.76296,0.61411,0.38059,0.43264,0.20907,1.86919,2.36024,1.86841,0.00808389,0.00808389,0.00808389
31,3558.34,1.79533,2.39415,1.74542,0.51038,0.47263,0.45359,0.21413,1.75615,2.40986,1.76091,0.00795954,0.00795954,0.00795954
32,3651.46,1.76991,2.41136,1.76784,0.55177,0.4077,0.41124,0.21435,1.78132,2.12202,1.77184,0.00783231,0.00783231,0.00783231
33,3743.73,1.76439,2.35564,1.75114,0.53671,0.49784,0.47422,0.23506,1.79086,2.06958,1.79703,0.00770234,0.00770234,0.00770234
34,3836.1,1.77001,2.3421,1.76093,0.47113,0.43443,0.39823,0.20568,1.76202,2.42282,1.76199,0.00756976,0.00756976,0.00756976
35,3930.29,1.72533,2.2822,1.72676,0.66905,0.34829,0.38606,0.20718,1.81082,2.15037,1.75964,0.00743468,0.00743468,0.00743468
36,4037.17,1.74861,2.30273,1.74921,0.47749,0.48784,0.41069,0.17716,2.01431,2.13856,2.00087,0.00729725,0.00729725,0.00729725
37,4155.74,1.74158,2.26326,1.70871,0.75262,0.37114,0.42883,0.2162,1.84626,2.26017,1.82457,0.00715761,0.00715761,0.00715761
38,4248.21,1.74294,2.2768,1.72041,0.73762,0.30422,0.45071,0.22114,1.8601,2.50008,1.87897,0.00701588,0.00701588,0.00701588
39,4340,1.68209,2.10702,1.67567,0.63503,0.44565,0.48638,0.24255,1.74235,2.16631,1.80442,0.00687222,0.00687222,0.00687222
40,4431.08,1.71696,2.16402,1.69778,0.64706,0.42424,0.49096,0.24037,1.89067,2.26791,1.8284,0.00672675,0.00672675,0.00672675
41,4522.48,1.76191,2.20633,1.72395,0.61988,0.44676,0.48965,0.23806,1.8009,2.12791,1.75922,0.00657963,0.00657963,0.00657963
42,4632.31,1.72883,2.19816,1.73068,0.51888,0.48959,0.45584,0.23054,1.7852,2.62231,1.77389,0.00643101,0.00643101,0.00643101
43,4761.09,1.71445,2.14788,1.68605,0.63204,0.48817,0.47459,0.20822,1.99509,2.2536,1.96331,0.00628101,0.00628101,0.00628101
44,4903.12,1.64271,2.10221,1.65753,0.73088,0.44173,0.52014,0.27565,1.81129,1.95582,1.75799,0.00612981,0.00612981,0.00612981
45,5071.7,1.68532,2.07183,1.66682,0.71431,0.44771,0.55897,0.27705,1.77496,1.89274,1.81087,0.00597754,0.00597754,0.00597754
46,5216.93,1.66455,2.14591,1.69009,0.61871,0.51176,0.54012,0.28101,1.71967,1.68399,1.73161,0.00582435,0.00582435,0.00582435
47,5334.51,1.67997,2.14535,1.71924,0.7096,0.48253,0.56833,0.27771,1.85225,1.97417,1.85431,0.0056704,0.0056704,0.0056704
48,5437.1,1.63909,2.08763,1.67641,0.63399,0.52805,0.52949,0.28726,1.74539,1.8436,1.73778,0.00551584,0.00551584,0.00551584
49,5559.48,1.688,2.04799,1.66879,0.67655,0.51254,0.55143,0.29082,1.75868,1.93296,1.74711,0.00536081,0.00536081,0.00536081
50,5672.64,1.6621,2.08742,1.68927,0.54932,0.46852,0.47131,0.23772,1.8822,2.05085,1.88306,0.00520548,0.00520548,0.00520548
51,5827.44,1.64735,1.94436,1.64548,0.58764,0.44852,0.48275,0.24356,1.71489,1.93367,1.72761,0.00505,0.00505,0.00505
52,5967.37,1.63625,1.98644,1.65394,0.51706,0.50504,0.47352,0.25139,1.79006,1.79742,1.73818,0.00489452,0.00489452,0.00489452
53,6122.83,1.60053,2.00292,1.63506,0.70718,0.56014,0.60131,0.2903,1.77241,1.77479,1.74095,0.00473919,0.00473919,0.00473919
54,6308.68,1.6017,1.97079,1.62542,0.62905,0.49817,0.55314,0.25873,1.93808,1.8248,1.87662,0.00458416,0.00458416,0.00458416
55,6465.47,1.60037,1.92409,1.6179,0.67499,0.45927,0.55677,0.27373,1.82874,1.72573,1.75264,0.0044296,0.0044296,0.0044296
56,6639.59,1.54781,1.88821,1.57966,0.63446,0.60712,0.55165,0.26871,1.81094,1.72895,1.72941,0.00427565,0.00427565,0.00427565
57,6828.61,1.56904,1.90234,1.59642,0.67256,0.51204,0.54199,0.28073,1.72842,1.72936,1.68414,0.00412246,0.00412246,0.00412246
58,7001.02,1.55172,1.88254,1.58216,0.61097,0.67086,0.54299,0.30062,1.732,1.56174,1.68876,0.00397019,0.00397019,0.00397019
59,7133.76,1.5344,1.86168,1.55168,0.57495,0.63337,0.55361,0.284,1.77895,1.69763,1.71685,0.00381899,0.00381899,0.00381899
60,7258.96,1.57952,1.86904,1.60593,0.63536,0.53202,0.56082,0.29745,1.78975,1.60944,1.72185,0.00366899,0.00366899,0.00366899
61,7356.58,1.53925,1.84045,1.57684,0.65227,0.5204,0.50754,0.27777,1.73218,1.77567,1.72067,0.00352037,0.00352037,0.00352037
62,7452.13,1.56182,1.83882,1.56893,0.61603,0.57386,0.53743,0.29479,1.62264,1.73015,1.652,0.00337325,0.00337325,0.00337325
